id,name,position,salary
1,Mike Brown 4,Product Manager 73,62469
2,Mike Brown 50,Product Manager 2,96728
3,Mike Brown 20,Product Manager 58,237328
4,Mike Brown 68,Product Manager 82,115596
5,Mike Brown 91,Product Manager 91,181900
6,Mike Brown 3,Product Manager 75,149518
7,Mike Brown 20,Product Manager 1,205372
8,Mike Brown 48,Product Manager 33,67258
11,Mike Brown 78,Product Manager 97,193030
13,Mike Brown 27,Product Manager 9,161998
14,Mike Brown 10,Product Manager 32,230931
15,Mike Brown 27,Product Manager 86,248132
17,Ajeet Kushwaha,Software Engineers,79127.0
18,Mike Brown 9,Product Manager 37,206699
19,Mike Brown 13,Product Manager 88,127854
20,Mike Brown 96,Product Manager 24,63573
21,Mike Brown 37,Product Manager 74,247079
22,Mike Brown 82,Product Manager 56,212838
23,Mike Brown 95,Product Manager 68,53117
24,Mike Brown 91,Product Manager 9,248480
25,Mike Brown 18,Product Manager 20,53140
26,Mike Brown 78,Product Manager 68,123315
27,Mike Brown 43,Product Manager 94,117109
28,Mike Brown 94,Product Manager 11,201880
29,Mike Brown 5,Product Manager 17,234076
30,Mike Brown 92,Product Manager 26,188388
31,Mike Brown 84,Product Manager 71,245323
32,Mike Brown 75,Product Manager 52,170605
33,Mike Brown 87,Product Manager 88,55678
34,Mike Brown 48,Product Manager 55,67421
35,Mike Brown 84,Product Manager 21,78122
36,Mike Brown 88,Product Manager 67,243795
37,Mike Brown 18,Product Manager 52,61889
38,Mike Brown 9,Product Manager 79,219618
39,Mike Brown 53,Product Manager 37,243352
40,Mike Brown 41,Product Manager 20,79328
41,Mike Brown 22,Product Manager 82,205798
42,Mike Brown 0,Product Manager 89,70020
43,Mike Brown 48,Product Manager 81,157438
44,Mike Brown 11,Product Manager 33,75403
45,Mike Brown 95,Product Manager 64,118335
46,Mike Brown 29,Product Manager 79,53935
47,Mike Brown 18,Product Manager 92,208974
48,Mike Brown 30,Product Manager 88,104460
49,Mike Brown 80,Product Manager 82,210469
50,Mike Brown 20,Product Manager 38,244379
51,Mike Brown 95,Product Manager 68,63109
52,Mike Brown 64,Product Manager 43,98451
53,Mike Brown 36,Product Manager 16,151823
54,Mike Brown 87,Product Manager 46,229973
55,Mike Brown 3,Product Manager 51,233048
56,Mike Brown 39,Product Manager 26,113455
57,Mike Brown 54,Product Manager 21,219270
58,Mike Brown 55,Product Manager 24,193329
59,Mike Brown 40,Product Manager 82,204532
60,Mike Brown 10,Product Manager 55,248262
61,Mike Brown 7,Product Manager 88,56060
62,Mike Brown 61,Product Manager 60,59543
63,Mike Brown 7,Product Manager 82,126502
64,Mike Brown 91,Product Manager 85,236723
65,Mike Brown 11,Product Manager 20,129221
66,Mike Brown 59,Product Manager 38,53487
67,Mike Brown 34,Product Manager 89,159522
68,Mike Brown 82,Product Manager 62,237895
69,Mike Brown 3,Product Manager 82,163494
70,Mike Brown 72,Product Manager 26,189938
71,Mike Brown 82,Product Manager 5,83559
72,Mike Brown 11,Product Manager 16,249511
73,Mike Brown 83,Product Manager 47,79505
74,Mike Brown 77,Product Manager 4,124630
75,Mike Brown 15,Product Manager 88,224775
76,Mike Brown 26,Product Manager 79,208967
77,Mike Brown 13,Product Manager 11,82554
78,Mike Brown 60,Product Manager 59,97566
79,Mike Brown 24,Product Manager 69,162509
80,Mike Brown 88,Product Manager 5,93513
81,Mike Brown 11,Product Manager 78,207051
82,Mike Brown 75,Product Manager 2,87236
83,Mike Brown 22,Product Manager 46,185153
84,Mike Brown 39,Product Manager 38,128766
85,Mike Brown 75,Product Manager 37,246332
86,Mike Brown 23,Product Manager 21,103949
87,Mike Brown 88,Product Manager 51,193869
88,Mike Brown 67,Product Manager 91,102527
89,Mike Brown 3,Product Manager 33,75014
90,Mike Brown 59,Product Manager 85,175983
91,Mike Brown 65,Product Manager 79,108938
92,Mike Brown 45,Product Manager 14,111599
93,Mike Brown 8,Product Manager 40,164542
94,Mike Brown 89,Product Manager 30,159273
95,Mike Brown 59,Product Manager 90,238493
96,Mike Brown 94,Product Manager 76,223767
97,Mike Brown 3,Product Manager 46,239366
98,Mike Brown 52,Product Manager 70,234216
99,Mike Brown 47,Product Manager 32,95811
100,Mike Brown 10,Product Manager 81,89127
101,Mike Brown 4,Product Manager 73,62469
102,Mike Brown 50,Product Manager 2,96728
103,Mike Brown 20,Product Manager 58,237328
104,Mike Brown 68,Product Manager 82,115596
105,Mike Brown 91,Product Manager 91,181900
106,Mike Brown 3,Product Manager 75,149518
107,Mike Brown 20,Product Manager 1,205372
108,Mike Brown 48,Product Manager 33,67258
109,Mike Brown 17,Product Manager 85,201876
110,Mike Brown 19,Product Manager 35,145348
111,Mike Brown 78,Product Manager 97,193030
112,Mike Brown 39,Product Manager 48,229453
113,Mike Brown 27,Product Manager 9,161998
114,Mike Brown 10,Product Manager 32,230931
115,Mike Brown 27,Product Manager 86,248132
116,Mike Brown 44,Product Manager 11,146895
117,Mike Brown 17,Product Manager 38,201987
118,Mike Brown 9,Product Manager 37,206699
119,Mike Brown 13,Product Manager 88,127854
120,Mike Brown 96,Product Manager 24,63573
121,Mike Brown 37,Product Manager 74,247079
122,Mike Brown 82,Product Manager 56,212838
123,Mike Brown 95,Product Manager 68,53117
124,Mike Brown 91,Product Manager 9,248480
125,Mike Brown 18,Product Manager 20,53140
126,Mike Brown 78,Product Manager 68,123315
127,Mike Brown 43,Product Manager 94,117109
128,Mike Brown 94,Product Manager 11,201880
129,Mike Brown 5,Product Manager 17,234076
130,Mike Brown 92,Product Manager 26,188388
131,Mike Brown 84,Product Manager 71,245323
132,Mike Brown 75,Product Manager 52,170605
133,Mike Brown 87,Product Manager 88,55678
134,Mike Brown 48,Product Manager 55,67421
135,Mike Brown 84,Product Manager 21,78122
136,Mike Brown 88,Product Manager 67,243795
137,Mike Brown 18,Product Manager 52,61889
138,Mike Brown 9,Product Manager 79,219618
139,Mike Brown 53,Product Manager 37,243352
140,Mike Brown 41,Product Manager 20,79328
141,Mike Brown 22,Product Manager 82,205798
142,Mike Brown 0,Product Manager 89,70020
143,Mike Brown 48,Product Manager 81,157438
144,Mike Brown 11,Product Manager 33,75403
145,Mike Brown 95,Product Manager 64,118335
146,Mike Brown 29,Product Manager 79,53935
147,Mike Brown 18,Product Manager 92,208974
148,Mike Brown 30,Product Manager 88,104460
149,Mike Brown 80,Product Manager 82,210469
150,Mike Brown 20,Product Manager 38,244379
151,Mike Brown 95,Product Manager 68,63109
152,Mike Brown 64,Product Manager 43,98451
153,Mike Brown 36,Product Manager 16,151823
154,Mike Brown 87,Product Manager 46,229973
155,Mike Brown 3,Product Manager 51,233048
156,Mike Brown 39,Product Manager 26,113455
157,Mike Brown 54,Product Manager 21,219270
158,Mike Brown 55,Product Manager 24,193329
159,Mike Brown 40,Product Manager 82,204532
160,Mike Brown 10,Product Manager 55,248262
161,Mike Brown 7,Product Manager 88,56060
162,Mike Brown 61,Product Manager 60,59543
163,Mike Brown 7,Product Manager 82,126502
164,Mike Brown 91,Product Manager 85,236723
165,Mike Brown 11,Product Manager 20,129221
166,Mike Brown 59,Product Manager 38,53487
167,Mike Brown 34,Product Manager 89,159522
168,Mike Brown 82,Product Manager 62,237895
169,Mike Brown 3,Product Manager 82,163494
170,Mike Brown 72,Product Manager 26,189938
171,Mike Brown 82,Product Manager 5,83559
172,Mike Brown 11,Product Manager 16,249511
173,Mike Brown 83,Product Manager 47,79505
174,Mike Brown 77,Product Manager 4,124630
175,Mike Brown 15,Product Manager 88,224775
176,Mike Brown 26,Product Manager 79,208967
177,Mike Brown 13,Product Manager 11,82554
178,Mike Brown 60,Product Manager 59,97566
179,Mike Brown 24,Product Manager 69,162509
180,Mike Brown 88,Product Manager 5,93513
181,Mike Brown 11,Product Manager 78,207051
182,Mike Brown 75,Product Manager 2,87236
183,Mike Brown 22,Product Manager 46,185153
184,Mike Brown 39,Product Manager 38,128766
185,Mike Brown 75,Product Manager 37,246332
186,Mike Brown 23,Product Manager 21,103949
187,Mike Brown 88,Product Manager 51,193869
188,Mike Brown 67,Product Manager 91,102527
189,Mike Brown 3,Product Manager 33,75014
190,Mike Brown 59,Product Manager 85,175983
191,Mike Brown 65,Product Manager 79,108938
192,Mike Brown 45,Product Manager 14,111599
193,Mike Brown 8,Product Manager 40,164542
194,Mike Brown 89,Product Manager 30,159273
195,Mike Brown 59,Product Manager 90,238493
196,Mike Brown 94,Product Manager 76,223767
197,Mike Brown 3,Product Manager 46,239366
198,Mike Brown 52,Product Manager 70,234216
199,Mike Brown 47,Product Manager 32,95811
200,Ajeet Kushwaha,Software Engineers,79127.0
201,Mike Brown 1044,Product Manager 73,62469
202,Mike Brown 50,Product Manager 2,96728
203,Mike Brown 20,Product Manager 58,237328
204,Mike Brown 68,Product Manager 82,115596
205,Mike Brown 91,Product Manager 91,181900
206,Mike Brown 3,Product Manager 75,149518
207,Mike Brown 20,Product Manager 1,205372
208,Mike Brown 48,Product Manager 33,67258
209,Mike Brown 17,Product Manager 85,201876
210,Mike Brown 19,Product Manager 35,145348
211,Mike Brown 78,Product Manager 97,193030
212,Mike Brown 39,Product Manager 48,229453
213,Mike Brown 27,Product Manager 9,161998
214,Mike Brown 10,Product Manager 32,230931
215,Mike Brown 27,Product Manager 86,248132
216,Mike Brown 44,Product Manager 11,146895
217,Mike Brown 17,Product Manager 38,201987
218,Mike Brown 9,Product Manager 37,206699
219,Mike Brown 13,Product Manager 88,127854
220,Mike Brown 96,Product Manager 24,63573
221,Mike Brown 37,Product Manager 74,247079
222,Mike Brown 82,Product Manager 56,212838
223,Mike Brown 95,Product Manager 68,53117
224,Mike Brown 91,Product Manager 9,248480
225,Mike Brown 18,Product Manager 20,53140
226,Mike Brown 78,Product Manager 68,123315
227,Mike Brown 43,Product Manager 94,117109
228,Mike Brown 94,Product Manager 11,201880
229,Mike Brown 5,Product Manager 17,234076
230,Mike Brown 92,Product Manager 26,188388
231,Mike Brown 84,Product Manager 71,245323
232,Mike Brown 75,Product Manager 52,170605
233,Mike Brown 87,Product Manager 88,55678
234,Mike Brown 48,Product Manager 55,67421
235,Mike Brown 84,Product Manager 21,78122
236,Mike Brown 88,Product Manager 67,243795
237,Mike Brown 18,Product Manager 52,61889
238,Mike Brown 9,Product Manager 79,219618
239,Mike Brown 53,Product Manager 37,243352
240,Mike Brown 41,Product Manager 20,79328
241,Mike Brown 22,Product Manager 82,205798
242,Mike Brown 0,Product Manager 89,70020
243,Mike Brown 48,Product Manager 81,157438
244,Mike Brown 11,Product Manager 33,75403
245,Mike Brown 95,Product Manager 64,118335
246,Mike Brown 29,Product Manager 79,53935
247,Mike Brown 18,Product Manager 92,208974
248,Mike Brown 30,Product Manager 88,104460
249,Mike Brown 80,Product Manager 82,210469
250,Mike Brown 20,Product Manager 38,244379
251,Mike Brown 95,Product Manager 68,63109
252,Mike Brown 64,Product Manager 43,98451
253,Mike Brown 36,Product Manager 16,151823
254,Mike Brown 87,Product Manager 46,229973
255,Mike Brown 3,Product Manager 51,233048
256,Mike Brown 39,Product Manager 26,113455
257,Mike Brown 54,Product Manager 21,219270
258,Mike Brown 55,Product Manager 24,193329
259,Mike Brown 40,Product Manager 82,204532
260,Mike Brown 10,Product Manager 55,248262
261,Mike Brown 7,Product Manager 88,56060
262,Mike Brown 61,Product Manager 60,59543
263,Mike Brown 7,Product Manager 82,126502
264,Mike Brown 91,Product Manager 85,236723
265,Mike Brown 11,Product Manager 20,129221
266,Mike Brown 59,Product Manager 38,53487
267,Mike Brown 34,Product Manager 89,159522
268,Mike Brown 82,Product Manager 62,237895
269,Mike Brown 3,Product Manager 82,163494
270,Mike Brown 72,Product Manager 26,189938
271,Mike Brown 82,Product Manager 5,83559
272,Mike Brown 11,Product Manager 16,249511
273,Mike Brown 83,Product Manager 47,79505
274,Mike Brown 77,Product Manager 4,124630
275,Mike Brown 15,Product Manager 88,224775
276,Mike Brown 26,Product Manager 79,208967
277,Mike Brown 13,Product Manager 11,82554
278,Mike Brown 60,Product Manager 59,97566
279,Mike Brown 24,Product Manager 69,162509
280,Mike Brown 88,Product Manager 5,93513
281,Mike Brown 11,Product Manager 78,207051
282,Mike Brown 75,Product Manager 2,87236
283,Mike Brown 22,Product Manager 46,185153
284,Mike Brown 39,Product Manager 38,128766
285,Mike Brown 75,Product Manager 37,246332
286,Mike Brown 23,Product Manager 21,103949
287,Mike Brown 88,Product Manager 51,193869
288,Mike Brown 67,Product Manager 91,102527
289,Mike Brown 3,Product Manager 33,75014
290,Mike Brown 59,Product Manager 85,175983
291,Mike Brown 65,Product Manager 79,108938
292,Mike Brown 45,Product Manager 14,111599
293,Mike Brown 8,Product Manager 40,164542
294,Mike Brown 89,Product Manager 30,159273
295,Mike Brown 59,Product Manager 90,238493
296,Mike Brown 94,Product Manager 76,223767
297,Mike Brown 3,Product Manager 46,239366
298,Mike Brown 52,Product Manager 70,234216
299,Mike Brown 47,Product Manager 32,95811
300,Ajeet Kushwaha,Software Engineers,79127.0
301,Mike Brown 303,Product Manager 73,62469
302,Mike Brown 304,Product Manager 304,62469
303,Mike Brown 304,Product Manager 304,62469
304,Mike Brown 304,Product Manager 304,62469
305,Mike Brown 304,Product Manager 304,62469
306,Mike Brown 304,Product Manager 304,62469
307,Mike Brown 304,Product Manager 304,62469
308,Mike Brown 304,Product Manager 304,62469
309,Mike Brown 304,Product Manager 304,62469
310,Mike Brown 304,Product Manager 304,62469
311,Mike Brown 304,Product Manager 304,62469
312,Mike Brown 304,Product Manager 304,62469
313,Mike Brown 304,Product Manager 304,62469
314,Mike Brown 304,Product Manager 304,62469
315,Mike Brown 304,Product Manager 304,62469
316,Mike Brown 304,Product Manager 304,62469
317,Mike Brown 304,Product Manager 304,62469
318,Mike Brown 304,Product Manager 304,62469
319,Mike Brown 304,Product Manager 304,62469
320,Mike Brown 304,Product Manager 304,62469
321,Mike Brown 304,Product Manager 304,62469
322,Mike Brown 304,Product Manager 304,62469
323,Swapnil,Product Manager,6246999
